-- Dev seed. Loaded by `supabase db reset`.
-- Realistic enough to test BOM availability + approval flow.

-- ── Materials (g for solids, ml for liquids) ────────────────────────
insert into materials (id, name, unit, current_stock, cost_per_unit) values
  ('11111111-0000-0000-0000-000000000001', 'กล้วยหอม',     'g',  3000,  0.08),
  ('11111111-0000-0000-0000-000000000002', 'มะม่วงน้ำดอกไม้','g', 2500,  0.18),
  ('11111111-0000-0000-0000-000000000003', 'สตรอว์เบอร์รี่','g',  1800,  0.45),
  ('11111111-0000-0000-0000-000000000004', 'นมสด',         'ml', 5000,  0.06),
  ('11111111-0000-0000-0000-000000000005', 'โยเกิร์ตกรีก',  'g',  2000,  0.20),
  ('11111111-0000-0000-0000-000000000006', 'น้ำผึ้ง',      'ml',  600,  0.30),
  ('11111111-0000-0000-0000-000000000007', 'น้ำแข็ง',      'g',  9999,  0.01),
  ('11111111-0000-0000-0000-000000000008', 'กราโนล่า',    'g',   400,  0.50);

-- ── Menus ───────────────────────────────────────────────────────────
insert into menus (id, name, base_price, image_url) values
  ('22222222-0000-0000-0000-000000000001', 'Banana Honey Cream', 95,  null),
  ('22222222-0000-0000-0000-000000000002', 'Mango Sunrise',      110, null),
  ('22222222-0000-0000-0000-000000000003', 'Strawberry Yogurt',  120, null),
  ('22222222-0000-0000-0000-000000000004', 'Tropical Trio',      135, null),
  ('22222222-0000-0000-0000-000000000005', 'Greek Power',        125, null);

-- ── BOM (per single cup) ────────────────────────────────────────────
-- Banana Honey Cream
insert into bom (menu_id, material_id, quantity_required) values
  ('22222222-0000-0000-0000-000000000001','11111111-0000-0000-0000-000000000001', 150),  -- banana
  ('22222222-0000-0000-0000-000000000001','11111111-0000-0000-0000-000000000004', 200),  -- milk
  ('22222222-0000-0000-0000-000000000001','11111111-0000-0000-0000-000000000006',  20),  -- honey
  ('22222222-0000-0000-0000-000000000001','11111111-0000-0000-0000-000000000007', 100); -- ice

-- Mango Sunrise
insert into bom (menu_id, material_id, quantity_required) values
  ('22222222-0000-0000-0000-000000000002','11111111-0000-0000-0000-000000000002', 180),
  ('22222222-0000-0000-0000-000000000002','11111111-0000-0000-0000-000000000004', 180),
  ('22222222-0000-0000-0000-000000000002','11111111-0000-0000-0000-000000000007', 100);

-- Strawberry Yogurt
insert into bom (menu_id, material_id, quantity_required) values
  ('22222222-0000-0000-0000-000000000003','11111111-0000-0000-0000-000000000003', 160),
  ('22222222-0000-0000-0000-000000000003','11111111-0000-0000-0000-000000000005', 100),
  ('22222222-0000-0000-0000-000000000003','11111111-0000-0000-0000-000000000004', 120),
  ('22222222-0000-0000-0000-000000000003','11111111-0000-0000-0000-000000000007', 100);

-- Tropical Trio (banana + mango + strawberry)
insert into bom (menu_id, material_id, quantity_required) values
  ('22222222-0000-0000-0000-000000000004','11111111-0000-0000-0000-000000000001',  80),
  ('22222222-0000-0000-0000-000000000004','11111111-0000-0000-0000-000000000002',  80),
  ('22222222-0000-0000-0000-000000000004','11111111-0000-0000-0000-000000000003',  80),
  ('22222222-0000-0000-0000-000000000004','11111111-0000-0000-0000-000000000004', 150),
  ('22222222-0000-0000-0000-000000000004','11111111-0000-0000-0000-000000000007', 100);

-- Greek Power (yogurt-heavy)
insert into bom (menu_id, material_id, quantity_required) values
  ('22222222-0000-0000-0000-000000000005','11111111-0000-0000-0000-000000000005', 200),
  ('22222222-0000-0000-0000-000000000005','11111111-0000-0000-0000-000000000001', 100),
  ('22222222-0000-0000-0000-000000000005','11111111-0000-0000-0000-000000000006',  15),
  ('22222222-0000-0000-0000-000000000005','11111111-0000-0000-0000-000000000007', 100);

-- ── Add-ons ─────────────────────────────────────────────────────────
insert into addons (id, name, price, material_id, quantity_per_serving) values
  ('33333333-0000-0000-0000-000000000001', 'Extra Honey',    10, '11111111-0000-0000-0000-000000000006', 10),
  ('33333333-0000-0000-0000-000000000002', 'Granola Topping',20, '11111111-0000-0000-0000-000000000008', 25),
  ('33333333-0000-0000-0000-000000000003', 'Less Ice',        0, null, null);

-- ── A demo customer for manual testing ──────────────────────────────
insert into profiles (id, line_user_id, display_name, role) values
  ('44444444-0000-0000-0000-000000000001', 'U_dev_customer', 'Dev Customer', 'customer'),
  ('44444444-0000-0000-0000-000000000002', 'U_dev_admin',    'Dev Admin',    'admin');
